
{
  "stepsize" : 0.0479456,
  "metric_type" : "diag_e",
  "inv_metric" : [ 0.0280129, 0.0109014, 0.743276, 0.50555, 0.0284607, 0.753001, 0.692669, 0.486068, 0.059814, 0.630002, 0.584105, 0.604676, 0.457996, 0.678775, 0.355753, 0.501373, 0.539877, 0.555199, 0.79918, 0.0359605, 0.038988, 0.662067, 0.0304551, 0.168215, 0.0381103, 0.0828687, 0.037078, 0.0322519, 0.629737, 0.0341629, 0.0496888, 0.0227826, 0.666089, 0.361851, 0.626524, 0.717757, 0.216192, 0.814909, 0.0325925, 0.030985, 0.0443375, 0.614296, 0.0355307, 0.0444327, 0.110675, 0.619302, 0.316408, 0.028288, 0.28655, 0.039111, 0.0342859, 0.44152, 0.0889324, 0.611207, 0.580366, 0.363082, 0.83803, 0.0341541, 0.694331, 0.726241, 0.0652191, 0.220382, 0.0474228, 0.735246, 0.474709, 0.0234508, 0.666396, 0.0363647, 0.035685, 0.213778, 0.544902, 0.0251901, 0.0248471, 0.417785, 0.721397, 0.64167, 0.661157, 0.631154, 0.699953, 0.0884268, 0.592666, 0.0481201, 0.828822, 0.0386189, 0.457744, 0.711214, 0.0388788, 0.0849933, 0.575917, 0.64369, 0.0672032, 0.0508909, 0.640348, 0.677608, 0.511141, 0.0482705, 0.753826, 0.070643, 0.0717585, 0.0394615, 0.545019, 0.662824, 0.0397564, 0.647724, 0.0663601, 0.612072, 0.0354649, 0.56535, 0.0257889, 0.532591, 0.0567833, 0.173399, 0.644935, 0.0380258, 0.363044, 0.0915834, 0.214883, 0.623368, 0.0333722, 0.21998, 0.302095, 0.702599, 0.0271536, 0.0239862, 0.0211856, 0.023181, 0.0401984, 0.0292186, 0.0279548, 0.0275158, 0.0254499, 0.0444192, 0.0809755, 0.0770731, 0.0682747, 0.0789368, 0.0805589, 0.0676077, 0.0759685, 0.0805372, 0.0881706, 0.0744601, 0.0724932, 0.0702716, 0.0681488, 0.0623665, 0.0716023, 0.0646804, 0.0754213, 0.0698491, 0.0658149, 0.0792496, 0.0741967, 0.0881611, 0.0709809, 0.0636623, 0.0618011, 0.0789542, 0.0729346, 0.0588768, 0.0651316, 0.0922405, 0.0506336, 0.0772443, 0.0559137, 0.0603034, 0.0638001, 0.0678777, 0.0619142, 0.0586201, 0.0542536, 0.0696485, 0.0655725, 0.0877069, 0.0651547, 0.0769358, 0.0712866, 0.0691882, 0.0597441, 0.0782817, 0.0706515, 0.059491, 0.0807626, 0.0624908, 0.0616392, 0.0625463, 0.0736216, 0.0834792, 0.0783749, 0.0670308, 0.0571678, 0.0670448, 0.0685285, 0.0673749, 0.0810592, 0.0793526, 0.0539237, 0.0720767, 0.0783716, 0.064702, 0.0611877, 0.0697202, 0.0856558, 0.0922748, 0.0658517, 0.0734176, 0.0827017, 0.0752155, 0.0607595, 0.0806446, 0.0651876, 0.0741815, 0.0778143, 0.0884617, 0.0739779, 0.0680618, 0.0701686, 0.0541793, 0.0775705, 0.0598791, 0.063531, 0.0982958, 0.0877023, 0.0692566, 0.0762473, 0.0745059, 0.0881843, 0.0876141, 0.0715517, 0.0749317, 0.0882323, 0.0705215, 0.0765971, 0.057838, 0.0727982, 0.0801478, 0.0606534, 0.0968065, 0.068365, 0.0847413, 0.063083, 0.0599289, 0.0713507, 0.077949, 0.0665999, 0.0745961, 0.0787246, 0.0990151, 0.0768012, 0.0645939, 0.0587209, 0.047363, 0.0876585, 0.0630413, 0.0827429, 0.066178, 0.074336, 0.0872308, 0.0783178, 0.0764069, 0.0783261, 0.0744567, 0.0881204, 0.073154, 0.0641628, 0.0563641, 0.0791345, 0.069073, 0.0803893, 0.0775517, 0.0813725, 0.079727, 0.0701312, 0.0813775, 0.0717279, 0.068646, 0.0702194, 0.0718397, 0.0680564, 0.0898614, 0.0839018, 0.0834627, 0.0727255, 0.0677126, 0.0779484, 0.0865281, 0.0987912, 0.0639694, 0.0859354, 0.0829851, 0.0555774, 0.0658357, 0.0620583, 0.0730013, 0.0698144, 0.0658929, 0.0590346, 0.0644757, 0.073302, 0.0796591, 0.0688924, 0.0686304, 0.0732267, 0.0835255, 0.0840859, 0.0712737, 0.0633451, 0.0799827, 0.054026, 0.0866301, 0.082767, 0.0847322, 0.093758, 0.0774716, 0.065216, 0.0617397, 0.0550276, 0.0704489, 0.078652, 0.0501002, 0.0601617, 0.0708144, 0.0697821, 0.0839026, 0.064449, 0.0863604, 0.0745798, 0.0749631, 0.0807265, 0.0954157, 0.0679691, 0.0626061, 0.0789458, 0.0830288, 0.0623804, 0.0646081, 0.0786307, 0.0702473, 0.0555917, 0.0803608, 0.0754215, 0.0717012, 0.0612701, 0.0794807, 0.0877758, 0.0787855, 0.0654509, 0.0702875, 0.0629218, 0.066151, 0.056477, 0.0660296, 0.0580694, 0.0717083, 0.0647226, 0.0623719, 0.0707674, 0.0712388, 0.0685643, 0.0869053, 0.0557847, 0.0570191, 0.0514437, 0.0746281, 0.0637505, 0.0807548, 0.081963, 0.0798832, 0.0632053, 0.074978, 0.06036, 0.0627253, 0.0689182, 0.0680959, 0.0720243, 0.0956568, 0.0807695, 0.0867309, 0.0836246, 0.0711686, 0.0828799, 0.0564517, 0.0994827, 0.0937538, 0.0649484, 0.0712001, 0.0765927, 0.0655388, 0.0842915, 0.0720537, 0.0785766, 0.0809521, 0.0726735, 0.0628114, 0.0631878, 0.0652639, 0.0771194, 0.0796635, 0.0708336, 0.0721365, 0.0783166, 0.0839307, 0.0870032, 0.0610591, 0.0890369, 0.0789861, 0.0775568, 0.0788414, 0.0842956, 0.0684978, 0.069296, 0.0910444, 0.0763712, 0.0722619, 0.0596352, 0.106432, 0.0716115, 0.0868062, 0.069221, 0.0805089, 0.0686056, 0.0637523, 0.0673805, 0.072341, 0.0651616, 0.0686034, 0.0708923, 0.0788036, 0.0471682, 0.0665779, 0.082854, 0.0661762, 0.0684187, 0.073883, 0.0613631, 0.0753502, 0.0702951, 0.0782221, 0.072858, 0.0893456, 0.063605, 0.0941428, 0.0594849, 0.0716949, 0.0690646, 0.0648462, 0.0692724, 0.0699636, 0.0742158, 0.0666036, 0.0567139, 0.0844484, 0.0578879, 0.0628522, 0.0966921, 0.0535605, 0.0745577, 0.0782278, 0.105, 0.0725228, 0.0681652, 0.0677553, 0.0675017, 0.0762184, 0.0677028, 0.0595026, 0.0749003, 0.0618799, 0.074225, 0.0668328, 0.0734423, 0.0690592, 0.0835674, 0.0581417, 0.0720666, 0.08294, 0.0714403, 0.0723058, 0.0780499, 0.0858975, 0.0858869, 0.090322, 0.0754143, 0.0790832, 0.101725, 0.0828282, 0.0605345, 0.0694744, 0.0752479, 0.0629843, 0.0575323 ]
}
