
{
  "stepsize" : 0.0709777,
  "metric_type" : "diag_e",
  "inv_metric" : [ 0.0857886, 0.0106155, 1.00427, 0.18021, 0.0955785, 0.658109, 0.754038, 0.400157, 0.125303, 0.570309, 0.770693, 0.719958, 0.559543, 0.775759, 0.402801, 0.67695, 0.636592, 0.822698, 0.775214, 0.10105, 0.102246, 0.764454, 0.0859724, 0.234836, 0.0948501, 0.147787, 0.105465, 0.0924958, 0.738465, 0.0945, 0.105381, 0.0861269, 0.731378, 0.476123, 0.80517, 0.819547, 0.268097, 0.807415, 0.0940485, 0.08789, 0.105746, 0.781948, 0.108899, 0.108438, 0.173996, 0.600042, 0.360051, 0.0925506, 0.330682, 0.101255, 0.0996666, 0.473125, 0.156104, 0.603347, 0.545527, 0.487229, 0.811269, 0.100441, 0.801578, 0.759167, 0.128283, 0.293484, 0.0972384, 0.800037, 0.535059, 0.0831536, 0.557939, 0.0998155, 0.101453, 0.279091, 0.666583, 0.0872931, 0.0845138, 0.535846, 0.794144, 0.89082, 0.744489, 0.738907, 0.750186, 0.151519, 0.718995, 0.105576, 0.750699, 0.103055, 0.678636, 0.753073, 0.092904, 0.129601, 0.896079, 0.702653, 0.129469, 0.116475, 0.790599, 0.690612, 0.566595, 0.111149, 0.754843, 0.128429, 0.14249, 0.103959, 0.602973, 0.706569, 0.102015, 0.798494, 0.123362, 0.569014, 0.0964625, 0.807702, 0.0847131, 0.550514, 0.113582, 0.20383, 0.822399, 0.0975635, 0.378927, 0.151333, 0.282998, 0.797851, 0.0913045, 0.370005, 0.387241, 0.791669, 0.0631434, 0.0827339, 0.0819947, 0.114444, 0.0897691, 0.111899, 0.125331, 0.119401, 0.16743, 0.127606, 0.339808, 0.381144, 0.324601, 0.270156, 0.300805, 0.261558, 0.298933, 0.356905, 0.341999, 0.315907, 0.30985, 0.380192, 0.343717, 0.382283, 0.298663, 0.256977, 0.340662, 0.28673, 0.402885, 0.34165, 0.32436, 0.296096, 0.289866, 0.309827, 0.291497, 0.312607, 0.303773, 0.265911, 0.313704, 0.298865, 0.248418, 0.406224, 0.314156, 0.3693, 0.352865, 0.362677, 0.263508, 0.318329, 0.308379, 0.253265, 0.269433, 0.312305, 0.295988, 0.294692, 0.304338, 0.314424, 0.363181, 0.354445, 0.299094, 0.271528, 0.334925, 0.34751, 0.315119, 0.409685, 0.31002, 0.308801, 0.287456, 0.332006, 0.332389, 0.27118, 0.273056, 0.294737, 0.346077, 0.302856, 0.362648, 0.287565, 0.331115, 0.31856, 0.311096, 0.329077, 0.334371, 0.22355, 0.295296, 0.366854, 0.348105, 0.340861, 0.325063, 0.342389, 0.331708, 0.327891, 0.272373, 0.229835, 0.288286, 0.283328, 0.40554, 0.33803, 0.265368, 0.266302, 0.316141, 0.332346, 0.250395, 0.363102, 0.320118, 0.266701, 0.322713, 0.295118, 0.241802, 0.270312, 0.355586, 0.369405, 0.290778, 0.318625, 0.296349, 0.286552, 0.322957, 0.419162, 0.304391, 0.317793, 0.402198, 0.296668, 0.307491, 0.296722, 0.335776, 0.304989, 0.357102, 0.284283, 0.245336, 0.345075, 0.308629, 0.406773, 0.324793, 0.368698, 0.327983, 0.324904, 0.386908, 0.26591, 0.327873, 0.262278, 0.328343, 0.376595, 0.291074, 0.347716, 0.285657, 0.335909, 0.277122, 0.270154, 0.250417, 0.38765, 0.297175, 0.350482, 0.286091, 0.359238, 0.30309, 0.399787, 0.290305, 0.333304, 0.315247, 0.320269, 0.309501, 0.318055, 0.346249, 0.392414, 0.348351, 0.420258, 0.35905, 0.315718, 0.331745, 0.373428, 0.356931, 0.274045, 0.309067, 0.300804, 0.393907, 0.326339, 0.422918, 0.318264, 0.300523, 0.244688, 0.298707, 0.269991, 0.255807, 0.295789, 0.303577, 0.268032, 0.27131, 0.329498, 0.339795, 0.308759, 0.293441, 0.29386, 0.372904, 0.313648, 0.312427, 0.317519, 0.328314, 0.303545, 0.348971, 0.325132, 0.26614, 0.235099, 0.329129, 0.334121, 0.336791, 0.361108, 0.279536, 0.343429, 0.312904, 0.334215, 0.384764, 0.285345, 0.338976, 0.377292, 0.348414, 0.344159, 0.207804, 0.348375, 0.294715, 0.258052, 0.286616, 0.364869, 0.259367, 0.278392, 0.369974, 0.383061, 0.368165, 0.311095, 0.333729, 0.24749, 0.234679, 0.291672, 0.302359, 0.311941, 0.301708, 0.252635, 0.324771, 0.276772, 0.378203, 0.379953, 0.271388, 0.324419, 0.281166, 0.32266, 0.307686, 0.317441, 0.274467, 0.326561, 0.275778, 0.350786, 0.354507, 0.378517, 0.276108, 0.307379, 0.27357, 0.316964, 0.267101, 0.304507, 0.372237, 0.263733, 0.32998, 0.375613, 0.285252, 0.277382, 0.337603, 0.288484, 0.322664, 0.307174, 0.408937, 0.223159, 0.307799, 0.316468, 0.305554, 0.312958, 0.275332, 0.28092, 0.357564, 0.399804, 0.269772, 0.338786, 0.279542, 0.246618, 0.263323, 0.298119, 0.414755, 0.292993, 0.365226, 0.313765, 0.231778, 0.321409, 0.360546, 0.280403, 0.352747, 0.321224, 0.331232, 0.448603, 0.304726, 0.277905, 0.339555, 0.298114, 0.326687, 0.346787, 0.343427, 0.299688, 0.368561, 0.371077, 0.29861, 0.2989, 0.266739, 0.315122, 0.260449, 0.378592, 0.293406, 0.302871, 0.355691, 0.350587, 0.33123, 0.507493, 0.430947, 0.34936, 0.352006, 0.302864, 0.303589, 0.278088, 0.324386, 0.281901, 0.284419, 0.298228, 0.337627, 0.343394, 0.339223, 0.360925, 0.288516, 0.272286, 0.322409, 0.304514, 0.363308, 0.313099, 0.29855, 0.285494, 0.375288, 0.317586, 0.303452, 0.300224, 0.249662, 0.346085, 0.318243, 0.357867, 0.250027, 0.30043, 0.245379, 0.380811, 0.301512, 0.32981, 0.318441, 0.257598, 0.327125, 0.278911, 0.486183, 0.342507, 0.307131, 0.308507, 0.362269, 0.333058, 0.330581, 0.232061, 0.369119, 0.286207, 0.365455, 0.346473, 0.31835 ]
}
