
{
  "stepsize" : 0.123128,
  "metric_type" : "diag_e",
  "inv_metric" : [ 0.0210832, 0.0100786, 0.886961, 0.090299, 0.0290606, 0.729578, 0.664723, 0.375163, 0.072815, 0.624147, 0.684291, 0.544092, 0.524321, 0.583516, 0.287435, 0.612735, 0.73695, 0.607336, 0.714865, 0.0281035, 0.0309766, 0.665019, 0.0252285, 0.184217, 0.0294138, 0.0810809, 0.0260856, 0.0246432, 0.687298, 0.026997, 0.0406227, 0.0155239, 0.679764, 0.423259, 0.555945, 0.745038, 0.201963, 0.726504, 0.0227378, 0.021763, 0.039535, 0.659648, 0.0280875, 0.036501, 0.114149, 0.723408, 0.305411, 0.0219597, 0.295827, 0.0365266, 0.0268224, 0.452802, 0.0907805, 0.611986, 0.493828, 0.332664, 0.721629, 0.0258392, 0.679894, 0.643315, 0.0921172, 0.210781, 0.0290581, 0.63486, 0.425786, 0.0168319, 0.634882, 0.0285317, 0.0246574, 0.197379, 0.559384, 0.0174072, 0.016994, 0.419635, 0.649343, 0.637692, 0.815941, 0.642758, 0.706375, 0.0713601, 0.607453, 0.0432943, 0.76311, 0.0352589, 0.476509, 0.595511, 0.0270987, 0.0763644, 0.661598, 0.811955, 0.0608259, 0.041464, 0.537853, 0.683931, 0.51, 0.0422153, 0.596243, 0.0749438, 0.0665869, 0.0351961, 0.604219, 0.74575, 0.0309546, 0.733056, 0.0630404, 0.638007, 0.0327587, 0.746261, 0.0196648, 0.493297, 0.0428438, 0.184536, 0.64303, 0.0333483, 0.404593, 0.0828581, 0.257798, 0.701531, 0.0248271, 0.205818, 0.393362, 0.656501, 0.0242688, 0.0172588, 0.0223539, 0.0218898, 0.0246091, 0.0212977, 0.0165108, 0.0214534, 0.0190467, 0.0242491, 0.0275333, 0.029066, 0.0281159, 0.0284116, 0.0288349, 0.032808, 0.0299088, 0.0186368, 0.0383266, 0.0288264, 0.0307191, 0.0322067, 0.0361119, 0.0313067, 0.0294162, 0.0304999, 0.0255981, 0.0335266, 0.0336381, 0.0337668, 0.0275482, 0.0320878, 0.0260837, 0.0280059, 0.0351538, 0.0373241, 0.0268726, 0.0309475, 0.030877, 0.0304577, 0.0357704, 0.0344143, 0.0289126, 0.0326046, 0.0299996, 0.0341767, 0.0371194, 0.0286727, 0.0258555, 0.0341563, 0.0418821, 0.0377284, 0.0364194, 0.0375926, 0.0344803, 0.0360481, 0.0361441, 0.0406363, 0.0381394, 0.0328688, 0.0271482, 0.0372303, 0.0329314, 0.0273908, 0.0384442, 0.0317546, 0.0274063, 0.0347941, 0.0351593, 0.0315507, 0.0291261, 0.0298036, 0.0278332, 0.0288207, 0.0384642, 0.0264416, 0.0270744, 0.0368186, 0.0349543, 0.0328226, 0.0323798, 0.0295286, 0.0323169, 0.0290032, 0.0286015, 0.0317459, 0.0406828, 0.030255, 0.0343558, 0.0379084, 0.0355944, 0.0287526, 0.0338807, 0.0309095, 0.04099, 0.0283267, 0.0394551, 0.0324306, 0.0329592, 0.0285803, 0.0325226, 0.0376275, 0.0298084, 0.0362889, 0.0298903, 0.038094, 0.0297501, 0.0247101, 0.029029, 0.0345133, 0.0304137, 0.0297225, 0.0266105, 0.0291633, 0.0276725, 0.0384094, 0.0333794, 0.0334626, 0.0296334, 0.0373962, 0.0350305, 0.0371585, 0.0335172, 0.0364664, 0.0306166, 0.0350618, 0.0289978, 0.0313117, 0.0257239, 0.0267316, 0.0339309, 0.0351021, 0.0290868, 0.0324103, 0.0345041, 0.0429847, 0.0310328, 0.0347081, 0.0345812, 0.0328127, 0.0302224, 0.0371925, 0.0327049, 0.0280977, 0.0353262, 0.0364288, 0.0291836, 0.0365721, 0.0311547, 0.0296377, 0.0378366, 0.0279929, 0.0282929, 0.0300008, 0.0330427, 0.0319638, 0.0321846, 0.0352693, 0.0309453, 0.0286392, 0.028228, 0.0266597, 0.036767, 0.028576, 0.0343458, 0.0301835, 0.0253606, 0.0293955, 0.0320748, 0.0313399, 0.0433405, 0.0320586, 0.0325524, 0.0269979, 0.0363757, 0.0341462, 0.0348795, 0.0271198, 0.0333284, 0.0311422, 0.0420042, 0.0357574, 0.0260384, 0.0349042, 0.033353, 0.0341889, 0.0373576, 0.0222396, 0.0370837, 0.0319512, 0.0345743, 0.0335668, 0.0315368, 0.0329137, 0.0293264, 0.0284499, 0.033013, 0.0316495, 0.0377824, 0.0350089, 0.029201, 0.0321188, 0.0432808, 0.0388394, 0.0350148, 0.0315906, 0.0302066, 0.0317283, 0.0268338, 0.0303188, 0.0276312, 0.0264229, 0.0313465, 0.026045, 0.0316663, 0.0345844, 0.0375042, 0.0340552, 0.038144, 0.0314211, 0.0328053, 0.0366977, 0.0325981, 0.0294377, 0.0312455, 0.0300041, 0.0343723, 0.0316841, 0.0309141, 0.0384728, 0.0296814, 0.0341065, 0.0349156, 0.0307902, 0.0297222, 0.0329488, 0.0301164, 0.0330772, 0.0278335, 0.0294571, 0.0331595, 0.0223855, 0.0281041, 0.0350111, 0.028199, 0.0288968, 0.0350282, 0.0282506, 0.0325486, 0.0407254, 0.038069, 0.0341265, 0.0349665, 0.0257028, 0.0317706, 0.0344196, 0.0302476, 0.034241, 0.0319343, 0.036112, 0.0319629, 0.035019, 0.0329989, 0.0316753, 0.0309849, 0.0310274, 0.0327503, 0.0289181, 0.0333086, 0.0358122, 0.0333974, 0.0274989, 0.028396, 0.0264511, 0.0301491, 0.0372448, 0.0329091, 0.0282424, 0.0409958, 0.033087, 0.0348985, 0.034166, 0.0322266, 0.0291722, 0.0406216, 0.0298948, 0.0281909, 0.0321904, 0.0317529, 0.034406, 0.0243141, 0.0348247, 0.0354022, 0.0306305, 0.0225848, 0.0299742, 0.0341774, 0.0261653, 0.0296835, 0.0347611, 0.0361452, 0.0257301, 0.0366951, 0.0307623, 0.0331599, 0.0333769, 0.0307697, 0.0421042, 0.0364784, 0.0319283, 0.0322996, 0.0286263, 0.0277429, 0.0391821, 0.0343374, 0.038551, 0.02693, 0.0331738, 0.0276753, 0.0318997, 0.0372285, 0.0359729, 0.0292994, 0.0378521, 0.0327212, 0.0235447, 0.0289041, 0.0380322, 0.0295089, 0.0369568, 0.0336108, 0.0307984, 0.0311938, 0.0322478, 0.0279765, 0.0295122, 0.0302145, 0.0266736, 0.0320685, 0.0330375, 0.0267182, 0.0328639, 0.036904, 0.0326153, 0.0304488, 0.0274339, 0.0301366, 0.0327835, 0.0279767, 0.0362813, 0.0304926, 0.0345363, 0.0288728, 0.0240205, 0.0328692, 0.0281116, 0.033533, 0.0376007, 0.0276543, 0.0358029, 0.0305747, 0.0361973, 0.0333368, 0.0231086, 0.0280108, 0.0316735, 0.0324324, 0.0334315, 0.0326408 ]
}
