
{
  "stepsize" : 0.0566511,
  "metric_type" : "diag_e",
  "inv_metric" : [ 0.0612646, 0.0108363, 0.905095, 0.34088, 0.069701, 0.761125, 0.643891, 0.336453, 0.0994859, 0.650414, 0.781063, 0.621843, 0.566203, 0.825936, 0.393195, 0.634853, 0.781843, 0.776171, 0.647059, 0.0754607, 0.0722466, 0.767487, 0.0680597, 0.20319, 0.0717336, 0.1166, 0.0665844, 0.0717172, 0.854422, 0.0663701, 0.0831577, 0.0577706, 0.728556, 0.442246, 0.906716, 0.67371, 0.252222, 0.677835, 0.0655408, 0.0649561, 0.079686, 0.694904, 0.0649302, 0.0760743, 0.150447, 0.791183, 0.331135, 0.0659993, 0.378734, 0.0747694, 0.0755135, 0.489357, 0.132149, 0.651015, 0.600908, 0.478506, 0.791636, 0.0696273, 0.76915, 0.755759, 0.122901, 0.248667, 0.07533, 0.644425, 0.408526, 0.0618468, 0.678762, 0.0659244, 0.0734604, 0.242395, 0.687149, 0.0610808, 0.0599439, 0.450326, 0.609751, 0.702423, 0.82116, 0.705029, 0.731129, 0.107373, 0.679524, 0.08035, 0.629785, 0.0733917, 0.612302, 0.736543, 0.0710474, 0.118062, 0.635175, 0.685446, 0.098003, 0.0819254, 0.67227, 0.69815, 0.632568, 0.0800695, 0.695078, 0.110329, 0.107053, 0.0792766, 0.504131, 0.681435, 0.0770203, 0.583785, 0.0984645, 0.724637, 0.0774457, 0.759157, 0.0583659, 0.598219, 0.0778906, 0.229422, 0.778397, 0.0836543, 0.41107, 0.136174, 0.27729, 0.647432, 0.0713229, 0.275693, 0.391018, 0.815639, 0.0575401, 0.0460949, 0.0505513, 0.0587958, 0.0600338, 0.0715946, 0.0725364, 0.0729283, 0.0693885, 0.0800065, 0.154317, 0.176901, 0.185612, 0.187703, 0.199719, 0.210593, 0.207872, 0.217458, 0.198626, 0.175554, 0.158827, 0.174392, 0.205887, 0.189804, 0.184504, 0.213591, 0.229522, 0.223033, 0.175146, 0.220459, 0.233976, 0.173622, 0.150015, 0.22748, 0.181998, 0.189515, 0.252841, 0.162857, 0.229955, 0.201947, 0.206187, 0.18848, 0.161059, 0.180964, 0.169822, 0.201274, 0.241171, 0.186103, 0.193729, 0.184904, 0.197152, 0.204875, 0.19525, 0.221259, 0.226054, 0.150913, 0.182778, 0.154903, 0.205611, 0.230209, 0.210259, 0.170789, 0.149242, 0.231, 0.225244, 0.230859, 0.215105, 0.203989, 0.196963, 0.221568, 0.227868, 0.172501, 0.196186, 0.202015, 0.223869, 0.154084, 0.180841, 0.137569, 0.16344, 0.151143, 0.222845, 0.197397, 0.204518, 0.169984, 0.18577, 0.178714, 0.162377, 0.172177, 0.209411, 0.171297, 0.178878, 0.238209, 0.192144, 0.195447, 0.183254, 0.189473, 0.242507, 0.167322, 0.141226, 0.215495, 0.192035, 0.1637, 0.154475, 0.191207, 0.201564, 0.233543, 0.207928, 0.185962, 0.259541, 0.19652, 0.153782, 0.168233, 0.179076, 0.194653, 0.163258, 0.171117, 0.223157, 0.138691, 0.180935, 0.199995, 0.198613, 0.186733, 0.197726, 0.26128, 0.214134, 0.166306, 0.208327, 0.157135, 0.244689, 0.212627, 0.17694, 0.203587, 0.174662, 0.178241, 0.188995, 0.182777, 0.187954, 0.158981, 0.184519, 0.16621, 0.201579, 0.194037, 0.159405, 0.17176, 0.160555, 0.15096, 0.200578, 0.182761, 0.160138, 0.202816, 0.17938, 0.208895, 0.207908, 0.177984, 0.22281, 0.209086, 0.159322, 0.179508, 0.179921, 0.158033, 0.199206, 0.148265, 0.193958, 0.205278, 0.220396, 0.167269, 0.16476, 0.20758, 0.184782, 0.155661, 0.172158, 0.184783, 0.200043, 0.212558, 0.167611, 0.253424, 0.176919, 0.187019, 0.174589, 0.196856, 0.210948, 0.214475, 0.189708, 0.185782, 0.233215, 0.156114, 0.198919, 0.160139, 0.193022, 0.191583, 0.15899, 0.211761, 0.207711, 0.170241, 0.198682, 0.223611, 0.21048, 0.157934, 0.213613, 0.2008, 0.163791, 0.134752, 0.236461, 0.166335, 0.201373, 0.231846, 0.207092, 0.179989, 0.230907, 0.166118, 0.213103, 0.187568, 0.198339, 0.192941, 0.21126, 0.182019, 0.204764, 0.230979, 0.170098, 0.19484, 0.200267, 0.210771, 0.183703, 0.187335, 0.199381, 0.190801, 0.167942, 0.217016, 0.166842, 0.163947, 0.182079, 0.192, 0.186271, 0.16671, 0.176706, 0.209847, 0.18607, 0.201606, 0.171805, 0.184404, 0.191321, 0.163297, 0.15122, 0.209863, 0.220127, 0.270545, 0.1798, 0.175496, 0.165523, 0.162167, 0.171297, 0.189083, 0.229313, 0.186369, 0.199989, 0.210444, 0.184867, 0.189861, 0.195024, 0.18964, 0.156754, 0.1777, 0.22598, 0.183331, 0.152246, 0.2341, 0.176697, 0.226903, 0.257896, 0.15508, 0.216482, 0.18216, 0.180641, 0.147276, 0.147396, 0.208062, 0.155569, 0.152688, 0.159961, 0.191995, 0.247112, 0.216617, 0.18974, 0.177433, 0.197805, 0.195054, 0.189713, 0.213538, 0.227265, 0.16499, 0.134858, 0.235421, 0.184886, 0.212481, 0.218053, 0.205905, 0.196987, 0.156175, 0.228106, 0.229773, 0.2549, 0.178487, 0.186858, 0.186122, 0.200791, 0.195041, 0.205363, 0.172698, 0.239268, 0.203816, 0.201195, 0.226438, 0.17372, 0.195562, 0.213408, 0.161336, 0.178412, 0.21577, 0.17291, 0.162257, 0.208127, 0.200146, 0.201506, 0.185882, 0.167229, 0.196085, 0.197693, 0.169847, 0.225397, 0.174461, 0.19862, 0.173282, 0.134565, 0.182624, 0.171067, 0.174009, 0.20331, 0.224561, 0.175761, 0.201661, 0.168001, 0.225111, 0.190252, 0.198381, 0.211953, 0.200249, 0.199473, 0.191112, 0.176363, 0.190651, 0.18336, 0.164706, 0.197516, 0.17962, 0.222822, 0.204489, 0.248139, 0.312936, 0.215556, 0.20256, 0.18374, 0.16444, 0.158886, 0.172761, 0.182128, 0.16499, 0.213325, 0.17584, 0.177729 ]
}
