
{
  "stepsize" : 0.245605,
  "metric_type" : "diag_e",
  "inv_metric" : [ 0.00596031, 0.0276176, 0.00323488, 0.0173308, 0.00378571, 0.00752331, 0.00510501, 0.0156376, 0.0146002, 0.00614898, 0.00804805, 0.00883674, 0.00438756, 0.00338677, 0.0199681, 0.0217686, 0.0184936, 0.0173721, 0.010546, 0.0147412, 0.00924689, 0.0211976, 0.0208867, 0.019031, 0.0163515, 0.0127396, 0.010188, 0.00839183, 0.120298, 0.174672, 0.165494, 0.116232, 0.113532, 0.0916499, 0.224687, 0.109008, 0.112367, 0.126724, 0.103519, 0.175616, 0.107357, 0.109248, 0.111773, 0.141841, 0.119714, 0.106963, 0.111864, 0.213445, 0.176163, 0.108098, 0.10294, 0.106649, 0.118663, 0.147785, 0.188807, 0.108226, 0.0984084, 0.0981804, 0.136995, 0.165584, 0.11616, 0.103363, 0.122315, 0.106254, 0.253759, 0.115705, 0.097961, 0.181482, 0.101586, 0.0999618, 0.11922, 0.0943538, 0.100729, 0.10489, 0.102888, 0.100268, 0.102519, 0.22748, 0.141222, 0.104129, 0.0942786, 0.108544, 0.109136, 0.0999962, 0.131728, 0.0807645, 0.102523, 0.105911, 0.141727, 0.125659, 0.164864, 0.126981, 0.248152, 0.145229, 0.0968832, 0.112068, 0.12381, 0.201634, 0.222645, 0.107867, 0.115698, 0.137305, 0.209906, 0.162773, 0.14832, 0.156601, 0.188196, 0.107773, 0.107735, 0.166719, 0.1149, 0.10367, 0.0935651, 0.245097, 0.155788, 0.254889, 0.138788, 0.133856, 0.195065, 0.120439, 0.150186, 0.0935059, 0.101839, 0.150834, 0.0903403, 0.153226, 0.136973, 0.105827, 0.0950733, 0.144047, 0.175806, 0.110626, 0.362837, 0.118636, 0.133529, 0.0932791, 0.122843, 0.116692, 0.171073, 0.107831, 0.129265, 0.11727, 0.136076, 0.110411, 0.164684, 0.100286, 0.102536, 0.180457, 0.111316, 0.156679, 0.118371, 0.116262, 0.154387, 0.126996, 0.223147, 0.0966452, 0.109012, 0.185844, 0.0895914, 0.116521, 0.123209, 0.167914, 0.0947878, 0.244403, 0.239038, 0.164954, 0.115751, 0.196997, 0.151678, 0.198685, 0.111008, 0.135697, 0.104336, 0.172754, 0.126654, 0.159739, 0.123707, 0.105687, 0.140844, 0.10401, 0.108462, 0.11354, 0.120031, 0.173831, 0.110479, 0.106822, 0.160068, 0.135841, 0.112567, 0.112537, 0.0984756, 0.106974, 0.180953, 0.123031, 0.212992, 0.100594, 0.204406, 0.0992649, 0.133202, 0.11938, 0.15459, 0.112477, 0.107637, 0.102608, 0.110661, 0.138644, 0.137741, 0.103727, 0.14045, 0.137696, 0.104036, 0.120716, 0.109082, 0.264136, 0.142332, 0.109575, 0.0991152, 0.105776, 0.179297, 0.136529, 0.105238, 0.10635, 0.130367, 0.117687, 0.103155, 0.155207, 0.130333, 0.108563, 0.171282, 0.0892636, 0.114784, 0.120578, 0.121173, 0.0952539, 0.128187, 0.13823, 0.178384, 0.111587, 0.116797, 0.0952168, 0.165228, 0.0915419, 0.248581, 0.120272, 0.127349, 0.104951, 0.129483, 0.100957, 0.142562, 0.104124, 0.101615, 0.133987, 0.110357, 0.100896, 0.180249, 0.130195, 0.0924268, 0.104329, 0.276331, 0.133146, 0.131874, 0.119588, 0.113249, 0.125118, 0.158653, 0.110057, 0.0997077, 0.252766, 0.0994502, 0.122402, 0.12914, 0.26649, 0.16255, 0.121521, 0.108975, 0.095163, 0.156746, 0.129864, 0.128085, 0.11666, 0.106889, 0.117515, 0.101019, 0.184865, 0.117474, 0.146615, 0.103496, 0.155087, 0.119317, 0.111963, 0.103081, 0.163862, 0.118956, 0.10755, 0.10448, 0.10768, 0.159327, 0.135362, 0.100925, 0.228474, 0.114127, 0.159255, 0.227705, 0.107395, 0.159778, 0.110596, 0.106704, 0.277173, 0.112699, 0.185331, 0.116579, 0.109937, 0.125509, 0.100303, 0.134723, 0.128224, 0.171846, 0.281583, 0.173071, 0.314591, 0.122802, 0.108503, 0.127176, 0.128334, 0.185492, 0.0969549, 0.172747, 0.114265, 0.137905, 0.143895, 0.102029, 0.127646, 0.105415, 0.109421, 0.149237, 0.250204, 0.177662, 0.100444, 0.087711, 0.105451, 0.135791, 0.123834, 0.102758, 0.257579, 0.15105, 0.129318, 0.1272, 0.127494, 0.271079, 0.0936742, 0.171226, 0.100251, 0.121877, 0.0956622, 0.15581, 0.10599, 0.113947, 0.177955, 0.142632, 0.114229, 0.139228, 0.173821, 0.168396, 0.166764, 0.123745, 0.111975, 0.189296, 0.0994575, 0.173727, 0.101625, 0.101233, 0.106469, 0.121877, 0.122954, 0.0973516, 0.164262, 0.209146, 0.114123, 0.117626, 0.120009, 0.158389, 0.105596, 0.119468, 0.177544, 0.18171, 0.115217, 0.121737, 0.0996745, 0.102492, 0.115923, 0.108867, 0.115627, 0.105044, 0.104462, 0.15383, 0.105739, 0.132874, 0.256061, 0.100331, 0.0800781, 0.114758, 0.136593, 0.125519, 0.10034, 0.221194, 0.173949, 0.142328, 0.120349, 0.168156, 0.0991391, 0.118332, 0.13017, 0.176302, 0.0892951, 0.128385, 0.0979329, 0.168463, 0.20539, 0.169136, 0.111481, 0.157809, 0.13894, 0.201673, 0.117995, 0.123888, 0.147074, 0.14369, 0.131214, 0.160441, 0.177612, 0.287402, 0.176853, 0.121379, 0.129637, 0.239674, 0.132456, 0.134992, 0.128903, 0.255306, 0.168834, 0.109976, 0.16343, 0.154022, 0.125584, 0.116455, 0.180124, 0.184558, 0.156116, 0.120309, 0.166279, 0.127008, 0.129556, 0.263967, 0.173296, 0.1252, 0.186826, 0.338789, 0.124348, 0.180754, 0.137231, 0.126964, 0.157113, 0.209907, 0.181242, 0.128246, 0.114766, 0.132405, 0.145922, 0.26353, 0.144598, 0.103346, 0.147046, 0.1595, 0.129866, 0.1412, 0.12441, 0.134178, 0.255865, 0.148386, 0.246368, 0.213798, 0.11881, 0.140392, 0.171033, 0.184665, 0.172068, 0.243825, 0.123801, 0.143366, 0.125916, 0.37144, 0.18217, 0.125661, 0.341583, 0.293944, 0.195777, 0.188473, 0.19311, 0.350858, 0.189164, 0.276648, 0.172443, 0.154224, 0.157443, 0.208957, 0.352581, 0.344398, 0.1343, 0.340996, 0.16978, 0.141151, 0.196582, 0.273444, 0.133153, 0.168883, 0.206651, 0.191195, 0.207446, 0.222743, 0.199518, 0.269451, 0.245562, 0.242454, 0.177728, 0.250204, 0.187901, 0.241333, 0.210515, 0.268437, 0.202265, 0.367655, 0.202127, 0.192907, 0.201123, 0.196658, 0.228452, 0.217395, 0.271535, 0.224051, 0.206781, 0.191092, 0.181659, 0.327775, 0.194724, 0.234928, 0.178962, 0.31155, 0.257989, 0.207462, 0.376796, 0.377123, 0.214527, 0.19211, 0.219062, 0.240428, 0.237335, 0.238652, 0.170208, 0.247673, 0.279947, 0.20034, 0.20698, 0.259539, 0.244045, 0.238129, 0.228995, 0.264822, 0.196157, 0.226254, 0.218179, 0.2053, 0.185092, 0.192468, 0.342228, 0.228129, 0.247798, 0.227885, 0.266723, 0.238559, 0.206664, 0.224142, 0.329732, 0.223006, 0.219125, 0.290623, 0.3957, 0.215105, 0.229059, 0.226837, 0.328357, 0.194283, 0.225434, 0.189355, 0.415552, 0.343338, 0.319715, 0.449598, 0.278083, 0.312694, 0.230451, 0.261885, 0.232131, 0.290367, 0.234457, 0.385528, 0.252859, 0.24851, 0.211776, 0.214429, 0.239283, 0.245423, 0.218846, 0.230112, 0.281265, 0.199425, 0.239501, 0.285921, 0.225341, 0.31821, 0.245689, 0.239125, 0.207219, 0.263605, 0.268656, 0.298231, 0.226855, 0.281679, 0.248255, 0.306852, 0.243203, 0.370783, 0.274141, 0.264961, 0.223958, 0.352618, 0.282359, 0.236273, 0.312118, 0.269493, 0.299601, 0.244353, 0.278347, 0.275667, 0.26495, 0.229454, 0.355188, 0.273653, 0.393418, 0.350252, 0.27622, 0.265547, 0.25664, 0.382029, 0.245284, 0.330954, 0.229753, 0.333006, 0.275076, 0.376774, 0.250705, 0.22035, 0.400669, 0.378035, 0.257593, 0.342627, 0.262689, 0.291408, 0.23179, 0.293885, 0.236744, 0.364553, 0.239007, 0.25572, 0.279795, 0.324418, 0.327266, 0.385904, 0.390841, 0.3231, 0.345743, 0.356764, 0.251146, 0.321542, 0.360416, 0.250589, 0.390812, 0.365395, 0.379625, 0.239355, 0.360762, 0.345862, 0.344337, 0.256715, 0.386178, 0.357284, 0.257056, 0.3406, 0.271316, 0.276935, 0.233795, 0.341578, 0.253769, 0.392267, 0.25047, 0.242837, 0.262501, 0.220268, 0.287195, 0.207679, 0.305888, 0.23116, 0.283549, 0.287337, 0.242646, 0.248932, 0.367862, 0.273779, 0.373836, 0.272678, 0.283418, 0.279082, 0.258103, 0.259154, 0.465165, 0.367953, 0.257956, 0.300279, 0.275218, 0.22951, 0.355722, 0.344749, 0.29184, 0.387583, 0.373997, 0.28419, 0.408005, 0.280275, 0.282164, 0.239488, 0.251315, 0.291594, 0.28718, 0.261417, 0.29532, 0.304137, 0.307326, 0.241136, 0.302476, 0.291251, 0.274505, 0.281203, 0.469018, 0.335998, 0.406573, 0.390892, 0.429278, 0.341763, 0.341132, 0.334006, 0.387933, 0.353334, 0.433154, 0.376209, 0.459284, 0.361301, 0.420215, 0.315053, 0.479004, 0.360775, 0.334179, 0.405241, 0.354856, 0.302478, 0.365141, 0.355894, 0.321395, 0.315847, 0.363088, 0.373516, 0.490862, 0.452259, 0.355979, 0.358831, 0.496506, 0.413615, 0.354341, 0.323551, 0.494286, 0.456566, 0.305271, 0.322472, 0.356511, 0.340514, 