
{
  "stepsize" : 0.231723,
  "metric_type" : "diag_e",
  "inv_metric" : [ 0.00571918, 0.0266937, 0.00372451, 0.0183831, 0.00371042, 0.00771397, 0.0048836, 0.0151515, 0.015177, 0.00677719, 0.0089686, 0.00930158, 0.00440489, 0.00370911, 0.0177494, 0.0216779, 0.0167632, 0.0177596, 0.0105127, 0.0149652, 0.00919584, 0.020909, 0.0219498, 0.0201068, 0.0163117, 0.0122101, 0.00992205, 0.00919915, 0.135361, 0.166292, 0.189759, 0.106865, 0.109435, 0.120695, 0.229862, 0.110628, 0.118956, 0.122224, 0.0921705, 0.178412, 0.110067, 0.113543, 0.104124, 0.151208, 0.12626, 0.11353, 0.0951299, 0.213041, 0.163914, 0.0986019, 0.112056, 0.101854, 0.141439, 0.154552, 0.19054, 0.104583, 0.107973, 0.103595, 0.120988, 0.162862, 0.102989, 0.111842, 0.142423, 0.111655, 0.249718, 0.106141, 0.105968, 0.203198, 0.122894, 0.102022, 0.126643, 0.104202, 0.0873362, 0.097746, 0.107325, 0.117394, 0.0966707, 0.207953, 0.164262, 0.108641, 0.0966437, 0.104147, 0.115268, 0.0991383, 0.1238, 0.103123, 0.104971, 0.105877, 0.109265, 0.109563, 0.12832, 0.101202, 0.237908, 0.127701, 0.0937509, 0.119798, 0.124294, 0.200606, 0.2185, 0.0947191, 0.0979631, 0.134156, 0.205838, 0.153374, 0.13305, 0.147691, 0.173778, 0.113481, 0.103422, 0.187695, 0.120798, 0.109875, 0.109344, 0.245892, 0.174501, 0.26805, 0.128836, 0.128566, 0.173529, 0.115222, 0.141566, 0.103538, 0.104028, 0.126718, 0.107697, 0.162626, 0.157022, 0.0940345, 0.0964119, 0.142436, 0.204842, 0.111872, 0.310024, 0.128298, 0.133565, 0.109286, 0.114024, 0.10675, 0.1742, 0.108599, 0.122877, 0.0918033, 0.162016, 0.110807, 0.163448, 0.100894, 0.10644, 0.214794, 0.110805, 0.152321, 0.103301, 0.108459, 0.161539, 0.128786, 0.200046, 0.111723, 0.107104, 0.170192, 0.102625, 0.121405, 0.13122, 0.143327, 0.117673, 0.245735, 0.265836, 0.153298, 0.110585, 0.197082, 0.190917, 0.199939, 0.101796, 0.129676, 0.102507, 0.215404, 0.118061, 0.158074, 0.117781, 0.103779, 0.137675, 0.123677, 0.10156, 0.109316, 0.116347, 0.211723, 0.10965, 0.104374, 0.144391, 0.148209, 0.0943059, 0.104495, 0.0917065, 0.106338, 0.163117, 0.120903, 0.207278, 0.115108, 0.178475, 0.115713, 0.114831, 0.126455, 0.121163, 0.10271, 0.111555, 0.0963009, 0.109792, 0.115046, 0.127724, 0.101961, 0.143711, 0.136524, 0.115765, 0.102436, 0.122722, 0.253876, 0.143027, 0.108859, 0.106679, 0.104522, 0.199825, 0.145004, 0.120998, 0.100683, 0.124978, 0.106602, 0.0859319, 0.151094, 0.155758, 0.115701, 0.184706, 0.0989252, 0.103606, 0.117473, 0.124128, 0.10653, 0.128036, 0.122019, 0.206719, 0.121992, 0.100595, 0.108208, 0.147233, 0.100537, 0.242482, 0.115568, 0.111029, 0.105782, 0.132828, 0.101169, 0.137483, 0.102178, 0.0945623, 0.143699, 0.104991, 0.0996429, 0.162137, 0.110005, 0.103016, 0.0935076, 0.233584, 0.127404, 0.127595, 0.131419, 0.1198, 0.136072, 0.158384, 0.104288, 0.110935, 0.270665, 0.101327, 0.0979089, 0.144845, 0.294668, 0.17525, 0.119581, 0.108008, 0.102495, 0.135808, 0.134464, 0.138556, 0.103717, 0.125291, 0.104523, 0.126703, 0.200533, 0.103132, 0.157016, 0.101376, 0.148676, 0.1001, 0.102397, 0.109246, 0.146025, 0.122798, 0.134343, 0.106504, 0.100573, 0.152565, 0.176961, 0.113222, 0.228863, 0.119585, 0.157971, 0.273699, 0.108534, 0.167655, 0.122416, 0.111091, 0.280081, 0.104426, 0.175304, 0.102631, 0.096806, 0.122876, 0.10858, 0.120701, 0.131994, 0.165713, 0.258536, 0.197378, 0.29972, 0.105456, 0.118282, 0.118517, 0.122002, 0.193881, 0.117808, 0.155394, 0.112051, 0.144415, 0.141032, 0.113751, 0.116493, 0.102805, 0.113976, 0.151383, 0.250726, 0.206007, 0.104453, 0.115355, 0.103518, 0.136232, 0.116037, 0.105648, 0.246488, 0.123958, 0.116426, 0.125163, 0.13688, 0.242652, 0.0930689, 0.147864, 0.104196, 0.127882, 0.11292, 0.155133, 0.109276, 0.114911, 0.166619, 0.131046, 0.110025, 0.13591, 0.170037, 0.156035, 0.157776, 0.140562, 0.10549, 0.183979, 0.103668, 0.169434, 0.11238, 0.0943516, 0.114127, 0.113797, 0.126848, 0.101565, 0.17958, 0.263203, 0.11287, 0.0901337, 0.11253, 0.147346, 0.104095, 0.110459, 0.167093, 0.151838, 0.102341, 0.133897, 0.10461, 0.110931, 0.103555, 0.108122, 0.105083, 0.103503, 0.111555, 0.135614, 0.104713, 0.144939, 0.270445, 0.112701, 0.0887449, 0.113178, 0.131303, 0.120697, 0.127158, 0.257133, 0.162904, 0.146971, 0.100256, 0.183251, 0.129292, 0.140891, 0.146837, 0.158186, 0.105403, 0.130889, 0.0878629, 0.164906, 0.197719, 0.174215, 0.115551, 0.16664, 0.135948, 0.19765, 0.102827, 0.124825, 0.158562, 0.146624, 0.130718, 0.136977, 0.159633, 0.332263, 0.173739, 0.114281, 0.140114, 0.223178, 0.125986, 0.112704, 0.131292, 0.27238, 0.167104, 0.12829, 0.184951, 0.148625, 0.134821, 0.123926, 0.183317, 0.182049, 0.15225, 0.130275, 0.180381, 0.111148, 0.13748, 0.335283, 0.194845, 0.149616, 0.169088, 0.298117, 0.145071, 0.152197, 0.13788, 0.141239, 0.175504, 0.187761, 0.151233, 0.126243, 0.122813, 0.1287, 0.141643, 0.335243, 0.147633, 0.128703, 0.143296, 0.153336, 0.128058, 0.17288, 0.150746, 0.122734, 0.255795, 0.166903, 0.275293, 0.227957, 0.12736, 0.147102, 0.148598, 0.201692, 0.180685, 0.225097, 0.1389, 0.181789, 0.120035, 0.347614, 0.177768, 0.145551, 0.333525, 0.319962, 0.205799, 0.168963, 0.209357, 0.34126, 0.215863, 0.288035, 0.179281, 0.139271, 0.158476, 0.190191, 0.334487, 0.328025, 0.15, 0.329618, 0.170371, 0.152091, 0.202588, 0.221418, 0.168394, 0.172408, 0.189594, 0.218361, 0.19303, 0.224266, 0.192947, 0.222235, 0.247803, 0.208384, 0.243525, 0.243731, 0.189588, 0.239704, 0.2037, 0.289404, 0.228442, 0.325974, 0.186376, 0.208049, 0.184755, 0.175919, 0.225402, 0.239685, 0.238637, 0.255207, 0.221163, 0.178779, 0.192967, 0.349021, 0.168874, 0.221958, 0.19021, 0.263923, 0.256091, 0.211775, 0.308548, 0.357512, 0.223404, 0.186931, 0.239456, 0.232213, 0.264309, 0.224139, 0.232112, 0.257369, 0.276654, 0.211638, 0.224196, 0.242768, 0.252902, 0.229563, 0.225448, 0.257784, 0.19226, 0.243048, 0.199327, 0.195376, 0.215717, 0.197741, 0.410057, 0.246118, 0.235404, 0.191142, 0.247829, 0.202824, 0.236861, 0.212713, 0.317449, 0.198104, 0.20608, 0.26602, 0.335154, 0.213883, 0.226019, 0.208561, 0.340384, 0.184792, 0.256466, 0.230067, 0.358742, 0.367372, 0.344913, 0.404857, 0.245004, 0.382872, 0.214152, 0.241362, 0.238417, 0.241034, 0.272444, 0.31449, 0.31006, 0.232747, 0.228599, 0.260893, 0.225266, 0.212787, 0.234736, 0.233362, 0.236042, 0.235189, 0.242227, 0.291705, 0.239404, 0.334728, 0.266843, 0.224874, 0.273213, 0.247151, 0.279858, 0.287355, 0.236364, 0.266007, 0.249566, 0.290101, 0.270133, 0.353385, 0.26126, 0.291379, 0.262293, 0.327916, 0.269353, 0.241781, 0.27675, 0.263054, 0.243583, 0.221137, 0.245531, 0.259499, 0.262287, 0.238608, 0.364087, 0.327847, 0.337427, 0.333797, 0.254137, 0.263178, 0.252577, 0.383618, 0.233179, 0.358952, 0.232326, 0.318405, 0.217334, 0.381176, 0.246288, 0.255787, 0.32946, 0.379927, 0.245946, 0.39518, 0.25531, 0.26394, 0.241398, 0.278199, 0.233922, 0.341847, 0.2308, 0.261059, 0.306413, 0.342387, 0.346674, 0.382682, 0.352214, 0.315308, 0.410792, 0.346842, 0.263544, 0.268958, 0.38188, 0.242388, 0.436036, 0.356264, 0.374217, 0.232547, 0.357654, 0.335282, 0.409459, 0.25603, 0.342127, 0.351336, 0.236041, 0.383709, 0.276067, 0.265177, 0.244042, 0.320649, 0.257266, 0.438778, 0.292067, 0.250029, 0.284092, 0.232897, 0.25767, 0.220378, 0.373201, 0.222196, 0.252753, 0.248955, 0.247679, 0.237051, 0.348288, 0.251651, 0.369458, 0.263116, 0.264219, 0.318537, 0.236697, 0.21769, 0.415294, 0.374459, 0.257286, 0.253333, 0.290503, 0.27001, 0.373785, 0.270141, 0.27809, 0.331333, 0.436596, 0.297866, 0.438901, 0.254096, 0.280739, 0.226055, 0.233822, 0.262904, 0.294437, 0.296834, 0.269489, 0.322932, 0.277183, 0.322786, 0.256429, 0.288526, 0.269946, 0.2589, 0.368979, 0.329666, 0.38021, 0.378737, 0.403781, 0.290859, 0.375006, 0.332504, 0.420495, 0.346908, 0.451916, 0.448212, 0.410337, 0.328063, 0.437325, 0.352779, 0.469863, 0.325912, 0.344295, 0.403602, 0.36679, 0.301267, 0.385703, 0.358537, 0.337883, 0.307178, 0.367733, 0.353213, 0.429875, 0.462628, 0.377326, 0.326167, 0.348979, 0.354596, 0.314542, 0.375398, 0.432867, 0.444907, 0.325022, 0.299409, 0.328567, 0.361491, 0.531099, 