
{
  "stepsize" : 0.232323,
  "metric_type" : "diag_e",
  "inv_metric" : [ 0.00520425, 0.0312801, 0.00361549, 0.0200725, 0.00359918, 0.00834213, 0.00571234, 0.0171111, 0.0156168, 0.00674196, 0.00803137, 0.00870917, 0.00457265, 0.00376571, 0.0187162, 0.0242186, 0.0190253, 0.017618, 0.0105476, 0.0152774, 0.00959062, 0.0217702, 0.0218295, 0.0185627, 0.0155257, 0.012785, 0.0101468, 0.0088744, 0.128296, 0.167366, 0.179444, 0.10743, 0.0992083, 0.0988965, 0.198095, 0.123469, 0.123414, 0.0996678, 0.0986995, 0.160208, 0.109516, 0.113453, 0.104239, 0.171773, 0.111538, 0.0981623, 0.11463, 0.225321, 0.135524, 0.116062, 0.0939585, 0.119332, 0.135638, 0.158654, 0.183507, 0.107387, 0.104915, 0.111789, 0.131002, 0.152139, 0.10961, 0.0911716, 0.128142, 0.117958, 0.30388, 0.110266, 0.103854, 0.185576, 0.107008, 0.112596, 0.112708, 0.109468, 0.0902594, 0.115501, 0.0982021, 0.114614, 0.109631, 0.196122, 0.158925, 0.104813, 0.102935, 0.11873, 0.147416, 0.113145, 0.140541, 0.0920784, 0.110215, 0.118558, 0.119263, 0.116513, 0.143685, 0.115738, 0.242788, 0.131956, 0.106829, 0.119618, 0.107444, 0.197288, 0.241589, 0.0992269, 0.114547, 0.127633, 0.192304, 0.171204, 0.131675, 0.13926, 0.18106, 0.111718, 0.0973641, 0.217859, 0.138387, 0.107762, 0.105465, 0.257596, 0.163196, 0.241571, 0.127794, 0.113173, 0.174664, 0.119948, 0.145966, 0.101629, 0.117016, 0.140327, 0.105115, 0.155627, 0.141386, 0.102933, 0.126963, 0.13612, 0.198012, 0.104544, 0.306196, 0.134384, 0.157332, 0.0904743, 0.0990345, 0.105739, 0.185276, 0.108355, 0.125292, 0.105543, 0.140146, 0.095849, 0.164132, 0.0981304, 0.121025, 0.191858, 0.11375, 0.16388, 0.118944, 0.119887, 0.171417, 0.118548, 0.19299, 0.110001, 0.103891, 0.201114, 0.0992606, 0.109768, 0.119459, 0.137637, 0.108395, 0.25875, 0.270621, 0.156402, 0.118209, 0.1902, 0.191667, 0.222635, 0.116581, 0.137429, 0.11497, 0.189018, 0.123849, 0.141697, 0.112929, 0.106843, 0.145218, 0.112071, 0.11872, 0.110645, 0.107852, 0.199866, 0.116266, 0.105974, 0.149087, 0.149893, 0.108768, 0.120292, 0.0967886, 0.11307, 0.191373, 0.123128, 0.249892, 0.0951877, 0.178996, 0.131936, 0.119069, 0.129051, 0.14416, 0.102813, 0.109607, 0.109093, 0.113609, 0.100263, 0.135145, 0.112488, 0.174285, 0.129959, 0.120829, 0.11425, 0.109282, 0.269235, 0.120292, 0.105283, 0.100627, 0.107577, 0.191301, 0.122405, 0.0960847, 0.113516, 0.125016, 0.0992917, 0.101232, 0.121561, 0.152113, 0.121662, 0.185488, 0.100166, 0.102368, 0.122959, 0.111723, 0.108983, 0.135114, 0.106446, 0.181528, 0.107723, 0.101463, 0.0947202, 0.172888, 0.0983097, 0.260401, 0.11081, 0.116947, 0.108966, 0.131974, 0.100209, 0.12947, 0.113817, 0.115949, 0.153588, 0.100412, 0.0912789, 0.154188, 0.127998, 0.0913167, 0.101269, 0.233417, 0.136256, 0.140906, 0.111341, 0.122902, 0.120635, 0.166507, 0.118488, 0.0953474, 0.279524, 0.101367, 0.110325, 0.169219, 0.285692, 0.168879, 0.136209, 0.117387, 0.123075, 0.143375, 0.138335, 0.131937, 0.111152, 0.106463, 0.121283, 0.105109, 0.208502, 0.121099, 0.147943, 0.108625, 0.14922, 0.119024, 0.106489, 0.11107, 0.15546, 0.126982, 0.125839, 0.114604, 0.118166, 0.158361, 0.143666, 0.125182, 0.213762, 0.121553, 0.149342, 0.26341, 0.100916, 0.166527, 0.121213, 0.102407, 0.272308, 0.120694, 0.178005, 0.109515, 0.0985904, 0.124678, 0.0983197, 0.129135, 0.109443, 0.17712, 0.218928, 0.19136, 0.31803, 0.115212, 0.118661, 0.124024, 0.111334, 0.18488, 0.104554, 0.158798, 0.106891, 0.143003, 0.149996, 0.113288, 0.140642, 0.120428, 0.10883, 0.129666, 0.261357, 0.212118, 0.104012, 0.108731, 0.119135, 0.14346, 0.129321, 0.120459, 0.257958, 0.149608, 0.121428, 0.121863, 0.121031, 0.255142, 0.106898, 0.167534, 0.12004, 0.115049, 0.12373, 0.181049, 0.116668, 0.1231, 0.164289, 0.127869, 0.109921, 0.145802, 0.182564, 0.143555, 0.174338, 0.144502, 0.12379, 0.181596, 0.116618, 0.167851, 0.100927, 0.118687, 0.124149, 0.117496, 0.115344, 0.10994, 0.177673, 0.25138, 0.11853, 0.105731, 0.120036, 0.154998, 0.0967634, 0.104359, 0.169878, 0.167361, 0.122466, 0.141428, 0.0938332, 0.121369, 0.11551, 0.0913828, 0.113656, 0.113894, 0.0988299, 0.129192, 0.0963256, 0.158679, 0.311134, 0.104573, 0.105807, 0.113832, 0.147528, 0.114188, 0.0928959, 0.217546, 0.168283, 0.158569, 0.123618, 0.171341, 0.111512, 0.109634, 0.143878, 0.156652, 0.103662, 0.128229, 0.105184, 0.185088, 0.215145, 0.192286, 0.102631, 0.151227, 0.130775, 0.174312, 0.118619, 0.119747, 0.156127, 0.146528, 0.139046, 0.148528, 0.1771, 0.301254, 0.169078, 0.125176, 0.136267, 0.233881, 0.132957, 0.116207, 0.135764, 0.238697, 0.166351, 0.127031, 0.180502, 0.164126, 0.116684, 0.117118, 0.151275, 0.16629, 0.153815, 0.121399, 0.181244, 0.126594, 0.130385, 0.340098, 0.15711, 0.153803, 0.200431, 0.332548, 0.137989, 0.190985, 0.13527, 0.133428, 0.190874, 0.215678, 0.179156, 0.136244, 0.142303, 0.138955, 0.15075, 0.248799, 0.140134, 0.143889, 0.146696, 0.137588, 0.137274, 0.164197, 0.154148, 0.12567, 0.223756, 0.153598, 0.256047, 0.227776, 0.134302, 0.124068, 0.162194, 0.205623, 0.193651, 0.240143, 0.125914, 0.178972, 0.139261, 0.39539, 0.1877, 0.146487, 0.342991, 0.349015, 0.201958, 0.196393, 0.22229, 0.346242, 0.206713, 0.278275, 0.159803, 0.134412, 0.163179, 0.234073, 0.347011, 0.333939, 0.137281, 0.308342, 0.189348, 0.164175, 0.18328, 0.280319, 0.1535, 0.165216, 0.202291, 0.197624, 0.239869, 0.221558, 0.197706, 0.261044, 0.236927, 0.226955, 0.193994, 0.265847, 0.207023, 0.2635, 0.185688, 0.265931, 0.219214, 0.329987, 0.203765, 0.198468, 0.201202, 0.198979, 0.227325, 0.25623, 0.263783, 0.202012, 0.212215, 0.184921, 0.217125, 0.315206, 0.188967, 0.251446, 0.181959, 0.319105, 0.254929, 0.211048, 0.304011, 0.340658, 0.206485, 0.213809, 0.233987, 0.246257, 0.262953, 0.216728, 0.19518, 0.250626, 0.275337, 0.227958, 0.237832, 0.235807, 0.236305, 0.220815, 0.252108, 0.259334, 0.188617, 0.24066, 0.213374, 0.198689, 0.206494, 0.182865, 0.348091, 0.241182, 0.250391, 0.230295, 0.269882, 0.248517, 0.207744, 0.218556, 0.36996, 0.195619, 0.222725, 0.2728, 0.460815, 0.220923, 0.222209, 0.198013, 0.369947, 0.203081, 0.256155, 0.232244, 0.322595, 0.355997, 0.346249, 0.373766, 0.279546, 0.349391, 0.21395, 0.278127, 0.196949, 0.276266, 0.243234, 0.380917, 0.315837, 0.206444, 0.226135, 0.264884, 0.21591, 0.231806, 0.226242, 0.243124, 0.256487, 0.233545, 0.253089, 0.264567, 0.239749, 0.290724, 0.220258, 0.242041, 0.238368, 0.24713, 0.240356, 0.311931, 0.246544, 0.270354, 0.2499, 0.283777, 0.237479, 0.396387, 0.270499, 0.278836, 0.251543, 0.372801, 0.229401, 0.258743, 0.314481, 0.282383, 0.236922, 0.235388, 0.274539, 0.28791, 0.284854, 0.226353, 0.323426, 0.318732, 0.328818, 0.357552, 0.27238, 0.241465, 0.269177, 0.347659, 0.264049, 0.379098, 0.229058, 0.371332, 0.25191, 0.340669, 0.289006, 0.242475, 0.376017, 0.362292, 0.274292, 0.406276, 0.239358, 0.275961, 0.283754, 0.324628, 0.234842, 0.322666, 0.284834, 0.266728, 0.289784, 0.3994, 0.329321, 0.388179, 0.409616, 0.321556, 0.376197, 0.376491, 0.219477, 0.314828, 0.369979, 0.238442, 0.419552, 0.356, 0.391743, 0.24707, 0.342622, 0.3163, 0.283091, 0.259858, 0.33889, 0.326031, 0.256277, 0.409064, 0.262103, 0.257698, 0.23204, 0.375159, 0.240617, 0.375217, 0.2546, 0.241169, 0.300097, 0.211738, 0.253476, 0.236442, 0.33032, 0.244844, 0.235301, 0.230919, 0.256555, 0.234833, 0.406052, 0.273189, 0.361958, 0.261218, 0.266406, 0.340327, 0.224322, 0.232957, 0.450507, 0.37373, 0.254657, 0.264906, 0.318323, 0.276033, 0.365756, 0.263117, 0.286699, 0.312782, 0.345929, 0.299771, 0.420999, 0.287495, 0.282722, 0.274458, 0.273167, 0.276094, 0.322317, 0.272156, 0.290521, 0.332442, 0.346597, 0.287021, 0.252163, 0.28733, 0.246964, 0.245276, 0.407843, 0.323719, 0.401623, 0.347581, 0.399531, 0.313004, 0.332858, 0.350407, 0.397916, 0.356493, 0.416878, 0.424486, 0.389108, 0.342664, 0.401347, 0.347407, 0.491021, 0.346286, 0.339176, 0.418014, 0.477143, 0.335451, 0.335578, 0.332869, 0.383108, 0.338997, 0.333056, 0.395065, 0.464308, 0.461076, 0.318357, 0.3505, 0.397183, 0.339443, 0.370394, 0.332199, 0.401581, 0.440137, 0.359437, 0.302872, 0.34094, 0.322348, 0.640261, 