
{
  "stepsize" : 0.228265,
  "metric_type" : "diag_e",
  "inv_metric" : [ 0.00561024, 0.0276657, 0.00360055, 0.0186305, 0.00376541, 0.00795879, 0.00524748, 0.0157884, 0.01415, 0.00708066, 0.00839627, 0.00898041, 0.00393241, 0.00325575, 0.0182872, 0.0243243, 0.0188821, 0.0166819, 0.00971187, 0.0160263, 0.00916028, 0.0223998, 0.0202445, 0.019193, 0.0177677, 0.0141843, 0.0091702, 0.00904286, 0.126449, 0.179558, 0.176588, 0.108598, 0.115327, 0.100906, 0.225208, 0.117075, 0.118516, 0.130409, 0.104706, 0.177024, 0.109147, 0.106045, 0.0995114, 0.160646, 0.122857, 0.112144, 0.105666, 0.267258, 0.154794, 0.113094, 0.116479, 0.119191, 0.13087, 0.140829, 0.166197, 0.125149, 0.0995469, 0.102654, 0.107564, 0.150931, 0.101551, 0.0873958, 0.14325, 0.118736, 0.23907, 0.111137, 0.0999219, 0.224051, 0.113299, 0.100664, 0.119862, 0.0998179, 0.10226, 0.0998779, 0.101512, 0.116871, 0.112945, 0.242966, 0.142244, 0.107876, 0.106519, 0.112807, 0.106758, 0.111171, 0.150965, 0.112201, 0.105867, 0.107035, 0.127321, 0.102534, 0.161414, 0.10842, 0.251397, 0.132823, 0.110664, 0.110477, 0.129672, 0.202528, 0.227454, 0.100921, 0.105017, 0.129948, 0.219605, 0.161478, 0.142672, 0.156088, 0.1726, 0.110803, 0.127187, 0.199386, 0.124121, 0.0972467, 0.107859, 0.255445, 0.163811, 0.259912, 0.135202, 0.11486, 0.191592, 0.102378, 0.151144, 0.10574, 0.113618, 0.134239, 0.105173, 0.160762, 0.132807, 0.110168, 0.0987032, 0.148971, 0.165469, 0.125641, 0.304674, 0.122831, 0.152171, 0.101696, 0.102649, 0.107937, 0.174128, 0.105089, 0.124654, 0.104838, 0.132022, 0.103627, 0.143172, 0.109596, 0.111861, 0.187627, 0.113378, 0.154383, 0.132353, 0.107566, 0.13884, 0.12078, 0.195587, 0.0982296, 0.10706, 0.214721, 0.098081, 0.103657, 0.118467, 0.142294, 0.119157, 0.274597, 0.227007, 0.15797, 0.121279, 0.189199, 0.175682, 0.23299, 0.110921, 0.129562, 0.113011, 0.188319, 0.123856, 0.16006, 0.114245, 0.100104, 0.150956, 0.0989039, 0.120754, 0.0996745, 0.109637, 0.199589, 0.0966462, 0.106346, 0.152922, 0.146451, 0.103116, 0.108766, 0.102361, 0.107251, 0.183704, 0.112088, 0.207533, 0.102981, 0.201491, 0.101435, 0.133814, 0.133712, 0.141697, 0.106505, 0.100372, 0.0918437, 0.100927, 0.11307, 0.124678, 0.10881, 0.142386, 0.129651, 0.120679, 0.115436, 0.124004, 0.272908, 0.143925, 0.102024, 0.0964293, 0.0989981, 0.200185, 0.139768, 0.100915, 0.105334, 0.118562, 0.10566, 0.107633, 0.126623, 0.12095, 0.127033, 0.180903, 0.0933252, 0.113642, 0.112141, 0.103537, 0.106602, 0.118064, 0.132291, 0.173455, 0.115755, 0.105589, 0.0984306, 0.161349, 0.104637, 0.25924, 0.108698, 0.108585, 0.0919972, 0.120112, 0.0952997, 0.169141, 0.112996, 0.104183, 0.142764, 0.115136, 0.101293, 0.149201, 0.123566, 0.104955, 0.105821, 0.2496, 0.157719, 0.125684, 0.109322, 0.109898, 0.130614, 0.184378, 0.0954207, 0.10889, 0.258371, 0.106397, 0.110099, 0.1394, 0.227445, 0.150992, 0.137259, 0.120498, 0.110972, 0.166305, 0.138531, 0.139316, 0.0982137, 0.0978218, 0.117377, 0.120193, 0.18027, 0.103469, 0.167358, 0.0922848, 0.146756, 0.114852, 0.113011, 0.11859, 0.141689, 0.122115, 0.129736, 0.119332, 0.11709, 0.141688, 0.144356, 0.117031, 0.244902, 0.110601, 0.144355, 0.2506, 0.101986, 0.158847, 0.109818, 0.0896071, 0.30076, 0.110211, 0.180851, 0.103122, 0.104665, 0.120582, 0.102483, 0.122355, 0.133683, 0.169211, 0.247425, 0.183588, 0.313685, 0.10337, 0.124206, 0.116859, 0.114481, 0.173756, 0.101951, 0.153931, 0.105034, 0.136473, 0.14045, 0.119783, 0.130141, 0.101673, 0.108567, 0.128599, 0.261927, 0.197681, 0.110361, 0.118295, 0.0923648, 0.134563, 0.128504, 0.106027, 0.272361, 0.133161, 0.123654, 0.137719, 0.134828, 0.225991, 0.12344, 0.166467, 0.112613, 0.113873, 0.110522, 0.184773, 0.135966, 0.0923918, 0.167615, 0.137449, 0.102769, 0.13152, 0.167207, 0.185725, 0.163647, 0.138892, 0.108722, 0.168245, 0.0996248, 0.176681, 0.121518, 0.100118, 0.128118, 0.133248, 0.130333, 0.105086, 0.177755, 0.236137, 0.117304, 0.0925413, 0.113181, 0.134413, 0.121559, 0.121729, 0.168263, 0.156591, 0.104025, 0.141992, 0.104903, 0.107945, 0.115979, 0.105315, 0.102235, 0.107319, 0.115339, 0.13366, 0.0901392, 0.138409, 0.255608, 0.112827, 0.0999903, 0.116448, 0.155387, 0.114914, 0.11833, 0.227554, 0.182648, 0.137638, 0.113744, 0.182151, 0.127165, 0.126179, 0.125563, 0.175882, 0.104941, 0.130494, 0.100243, 0.167344, 0.219038, 0.190973, 0.120216, 0.162267, 0.120601, 0.205948, 0.125176, 0.154241, 0.154654, 0.148658, 0.133726, 0.144765, 0.178183, 0.332659, 0.170142, 0.118482, 0.138794, 0.232422, 0.136525, 0.127685, 0.139409, 0.253829, 0.159539, 0.13709, 0.180467, 0.144071, 0.127986, 0.128492, 0.178924, 0.135273, 0.151664, 0.132292, 0.182551, 0.134227, 0.12861, 0.316856, 0.183675, 0.133647, 0.170071, 0.354188, 0.151501, 0.162621, 0.154587, 0.144881, 0.162053, 0.179521, 0.17439, 0.128785, 0.118468, 0.136196, 0.138255, 0.264056, 0.151083, 0.135215, 0.150128, 0.15017, 0.124337, 0.14878, 0.14673, 0.130057, 0.248857, 0.145096, 0.226316, 0.221579, 0.12192, 0.131776, 0.159289, 0.186296, 0.186227, 0.223268, 0.130204, 0.155221, 0.14405, 0.382517, 0.153137, 0.133916, 0.374042, 0.330664, 0.201307, 0.159403, 0.18471, 0.394556, 0.179209, 0.259229, 0.167585, 0.126092, 0.194422, 0.198199, 0.325306, 0.346118, 0.162927, 0.371466, 0.182223, 0.166168, 0.19937, 0.256446, 0.160721, 0.145714, 0.217019, 0.184572, 0.206111, 0.221456, 0.237002, 0.254398, 0.240836, 0.227277, 0.189086, 0.243631, 0.194349, 0.207968, 0.199632, 0.293108, 0.233456, 0.336096, 0.233248, 0.216459, 0.180133, 0.198833, 0.255882, 0.263837, 0.246287, 0.247829, 0.22963, 0.180239, 0.171716, 0.341305, 0.204896, 0.244637, 0.227647, 0.310477, 0.235981, 0.199575, 0.375119, 0.343344, 0.201042, 0.199971, 0.241489, 0.236148, 0.227105, 0.237278, 0.197743, 0.267409, 0.312462, 0.194609, 0.205446, 0.259236, 0.242011, 0.229858, 0.247617, 0.260931, 0.189373, 0.21239, 0.220853, 0.194156, 0.186086, 0.203459, 0.331529, 0.240552, 0.217435, 0.191574, 0.256658, 0.233183, 0.21176, 0.19241, 0.349255, 0.228446, 0.203159, 0.2421, 0.411915, 0.200463, 0.201879, 0.214756, 0.34478, 0.196394, 0.219737, 0.207025, 0.381097, 0.342316, 0.339623, 0.40627, 0.265974, 0.286247, 0.253474, 0.232633, 0.229994, 0.25731, 0.287944, 0.367808, 0.313749, 0.210623, 0.260391, 0.25048, 0.233055, 0.233306, 0.239242, 0.211634, 0.254621, 0.234346, 0.202771, 0.246203, 0.226421, 0.237339, 0.261987, 0.223536, 0.21523, 0.240759, 0.300483, 0.239288, 0.229624, 0.254266, 0.237506, 0.291355, 0.236418, 0.383049, 0.266432, 0.293432, 0.21509, 0.309093, 0.247231, 0.286696, 0.260322, 0.287948, 0.236913, 0.249399, 0.266679, 0.288667, 0.238915, 0.242161, 0.37931, 0.310294, 0.369685, 0.347758, 0.264063, 0.256729, 0.260168, 0.388657, 0.288253, 0.353308, 0.228729, 0.349489, 0.254011, 0.379292, 0.253805, 0.255743, 0.354469, 0.427324, 0.254649, 0.355335, 0.220294, 0.254116, 0.247967, 0.261283, 0.24208, 0.348843, 0.252528, 0.293909, 0.305854, 0.37094, 0.432109, 0.373705, 0.380044, 0.293041, 0.398659, 0.312124, 0.251168, 0.340127, 0.385472, 0.248047, 0.366254, 0.351106, 0.384767, 0.25014, 0.36181, 0.309724, 0.330147, 0.231094, 0.42339, 0.354084, 0.192592, 0.354377, 0.260156, 0.253426, 0.235928, 0.355198, 0.25826, 0.36065, 0.284121, 0.248416, 0.249248, 0.233054, 0.298535, 0.238371, 0.380975, 0.246222, 0.27016, 0.258357, 0.256406, 0.224114, 0.365671, 0.258358, 0.385137, 0.296031, 0.264863, 0.274745, 0.223524, 0.237781, 0.381105, 0.378779, 0.265839, 0.28506, 0.337124, 0.269217, 0.341331, 0.297541, 0.291932, 0.312479, 0.413664, 0.341909, 0.404851, 0.262855, 0.271736, 0.266629, 0.25406, 0.245342, 0.3265, 0.292097, 0.33376, 0.321754, 0.300157, 0.256723, 0.282849, 0.280653, 0.274613, 0.259684, 0.371819, 0.34347, 0.448681, 0.35798, 0.437664, 0.34527, 0.391139, 0.308569, 0.406954, 0.339416, 0.382637, 0.464723, 0.396089, 0.353288, 0.433034, 0.327925, 0.476089, 0.367191, 0.360918, 0.396212, 0.406591, 0.362268, 0.323794, 0.367274, 0.31446, 0.313571, 0.376122, 0.355799, 0.399945, 0.449238, 0.37191, 0.322582, 0.432312, 0.371696, 0.344269, 0.348799, 0.386353, 0.45649, 0.293793, 0.353489, 0.37102, 0.32776, 