
{
  "stepsize" : 0.163807,
  "metric_type" : "diag_e",
  "inv_metric" : [ 0.0035457, 0.00523964, 0.00107799, 7.76519e-05, 0.00090794 ]
}
