
{
  "stepsize" : 0.144615,
  "metric_type" : "diag_e",
  "inv_metric" : [ 0.00419036, 0.00541722, 0.00134092, 8.11032e-05, 0.000777152 ]
}
