
{
  "stepsize" : 0.180189,
  "metric_type" : "diag_e",
  "inv_metric" : [ 0.00385294, 0.00522756, 0.00133304, 9.26894e-05, 0.000866656 ]
}
