
{
  "stepsize" : 0.175163,
  "metric_type" : "diag_e",
  "inv_metric" : [ 0.00357884, 0.00605606, 0.00133775, 7.84313e-05, 0.000764637 ]
}
