
{
  "stepsize" : 0.152048,
  "metric_type" : "diag_e",
  "inv_metric" : [ 0.00390571, 0.0054654, 0.00121953, 8.78946e-05, 0.000891193 ]
}
