
{
  "stepsize" : 0.19314,
  "metric_type" : "diag_e",
  "inv_metric" : [ 0.00379066, 0.00511209, 0.00149912, 7.57516e-05, 0.000783534 ]
}
