
{
  "stepsize" : 0.165497,
  "metric_type" : "diag_e",
  "inv_metric" : [ 0.00434686, 0.00563425, 0.0014021, 8.27216e-05, 0.000925024 ]
}
