
{
  "stepsize" : 0.155328,
  "metric_type" : "diag_e",
  "inv_metric" : [ 0.00397854, 0.00631198, 0.00116728, 9.49974e-05, 0.000749966 ]
}
