
{
  "stepsize" : 0.756555,
  "metric_type" : "diag_e",
  "inv_metric" : [ 1.05455, 0.945401, 0.840461, 0.942107, 1.05629 ]
}
