
{
  "stepsize" : 0.789024,
  "metric_type" : "diag_e",
  "inv_metric" : [ 1.04963, 1.04106, 0.975079, 0.781642, 1.06604 ]
}
