
{
  "stepsize" : 0.80917,
  "metric_type" : "diag_e",
  "inv_metric" : [ 1.17558, 1.101, 0.873894, 0.946659, 0.790766 ]
}
