
{
  "stepsize" : 0.904406,
  "metric_type" : "diag_e",
  "inv_metric" : [ 1.09454, 1.03635, 0.943867, 1.11087, 1.01466 ]
}
